Date,Open,High,Low,Close,Adj Close,Volume
2020-01-22,3038.487061,3069.252930,3006.268066,3060.754883,3060.754883,223900
2020-01-23,3037.951904,3045.041016,2955.345947,2976.528076,2976.528076,272800
2020-02-03,2716.697998,2766.576904,2716.697998,2746.605957,2746.605957,215900
2020-02-04,2685.269043,2786.164063,2685.269043,2783.288086,2783.288086,364000
2020-02-05,2792.371094,2842.742920,2778.864014,2818.087891,2818.087891,309800
2020-02-06,2826.889893,2876.590088,2807.610107,2866.510010,2866.510010,316400
2020-02-07,2858.929932,2875.959961,2838.770020,2875.959961,2875.959961,309500
2020-02-10,2860.499023,2891.847900,2851.050049,2890.488037,2890.488037,294900
2020-02-11,2894.540039,2913.820068,2882.239990,2901.669922,2901.669922,269200
2020-02-12,2895.555908,2926.898926,2892.424072,2926.898926,2926.898926,248700
2020-02-13,2927.144043,2935.406006,2901.242920,2906.073975,2906.073975,274800
2020-02-14,2899.865967,2926.943115,2899.573975,2917.008057,2917.008057,250700
2020-02-17,2924.990967,2983.636963,2924.990967,2983.622070,2983.622070,313200
2020-02-18,2981.409912,2990.600098,2960.774902,2984.971924,2984.971924,311700
2020-02-19,2979.521973,2998.271973,2971.822021,2975.402100,2975.402100,315100
2020-02-20,2981.879883,3031.371094,2968.445068,3030.154053,3030.154053,345700
2020-02-21,3022.246094,3058.897949,3020.141113,3039.668945,3039.668945,364600
2020-02-24,3027.893066,3042.181885,3007.355957,3031.232910,3031.232910,370400
2020-02-25,2982.070068,3016.946045,2943.717041,3013.050049,3013.050049,441600
2020-02-26,2978.419922,3028.780029,2974.939941,2987.928955,2987.928955,469000
2020-02-27,2992.489990,3009.459961,2980.479980,2991.330078,2991.330078,350500
2020-02-28,2924.641113,2948.125977,2878.543945,2880.303955,2880.303955,401200
2020-03-02,2899.310059,2982.507080,2899.310059,2970.930908,2970.930908,367300
2020-03-03,3006.888916,3026.842041,2976.623047,2992.896973,2992.896973,410100
2020-03-04,2981.805908,3012.003906,2974.357910,3011.666016,3011.666016,353300
2020-03-05,3036.155029,3074.257080,3022.926025,3071.677002,3071.677002,445400
2020-03-06,3039.939941,3052.444092,3029.462891,3034.510986,3034.510986,362100
2020-03-09,2987.180908,2989.205078,2940.714111,2943.291016,2943.291016,414600
2020-03-10,2918.935059,3000.295898,2904.799072,2996.761963,2996.761963,393300
2020-03-11,3001.761963,3010.029053,2968.517090,2968.517090,2968.517090,352500
2020-03-12,2936.016113,2944.465088,2906.283936,2923.486084,2923.486084,307800
2020-03-13,2804.231934,2910.881104,2799.983887,2887.427002,2887.427002,366500
2020-03-16,2897.301025,2898.034912,2784.662109,2789.253906,2789.253906,351900
2020-03-17,2796.283936,2826.906982,2715.220947,2779.641113,2779.641113,306100
2020-03-18,2792.322021,2815.874023,2728.756104,2728.756104,2728.756104,291200
2020-03-19,2719.406006,2736.820068,2646.804932,2702.129883,2702.129883,302300
2020-03-20,2727.019043,2751.895996,2702.492920,2745.617920,2745.617920,252000
2020-03-23,2677.590088,2703.330078,2656.500000,2660.169922,2660.169922,249800
2020-03-24,2703.019043,2723.406982,2667.133057,2722.437988,2722.437988,257000
2020-03-25,2775.302979,2788.635010,2757.802002,2781.591064,2781.591064,273100
2020-03-26,2761.895996,2788.503906,2753.427979,2764.910889,2764.910889,234100
2020-03-27,2792.983887,2805.548096,2771.756104,2772.202881,2772.202881,240800
2020-03-30,2739.718994,2759.099121,2723.053955,2747.214111,2747.214111,239700
2020-03-31,2767.306885,2771.167969,2743.114990,2750.295898,2750.295898,218600
2020-04-01,2743.541016,2773.364014,2731.079102,2734.521973,2734.521973,217300
2020-04-02,2720.228027,2780.637939,2719.904053,2780.637939,2780.637939,217900
2020-04-03,2773.575928,2780.586914,2754.072998,2763.987061,2763.987061,200800
2020-04-07,2806.968018,2823.277100,2801.839111,2820.762939,2820.762939,270200
2020-04-08,2805.916992,2823.214111,2800.295898,2815.368896,2815.368896,243500
2020-04-09,2825.839111,2832.395020,2820.433105,2825.904053,2825.904053,238200
2020-04-10,2827.187012,2833.014893,2789.976074,2796.631104,2796.631104,233500
2020-04-13,2784.597900,2792.891113,2774.081055,2783.048096,2783.048096,177100
2020-04-14,2794.801025,2827.298096,2789.427979,2827.282959,2827.282959,202700
2020-04-15,2826.662109,2829.750000,2808.704102,2811.174072,2811.174072,205600
2020-04-16,2798.429932,2823.337891,2796.839111,2819.935059,2819.935059,203000
2020-04-17,2835.558105,2854.959961,2830.021973,2838.495117,2838.495117,245700
2020-04-20,2840.408936,2852.989990,2833.261963,2852.552979,2852.552979,211800
2020-04-21,2842.237061,2842.237061,2808.020996,2827.012939,2827.012939,233200
2020-04-22,2814.065918,2843.979980,2808.481934,2843.979980,2843.979980,217300
2020-04-23,2850.510010,2853.635986,2835.895996,2838.499023,2838.499023,248800
2020-04-24,2834.938965,2834.938965,2802.499023,2808.529053,2808.529053,235200
2020-04-27,2812.241943,2832.666016,2802.958008,2815.495117,2815.495117,210100
2020-04-28,2819.990967,2821.745117,2758.246094,2810.023926,2810.023926,253900
2020-04-29,2801.383057,2831.763916,2800.738037,2822.441895,2822.441895,202100
2020-04-30,2832.384033,2865.590088,2832.384033,2860.082031,2860.082031,242500
2020-05-06,2831.633057,2879.262939,2830.654053,2878.139893,2878.139893,249800
2020-05-07,2876.472900,2882.021973,2864.581055,2871.522949,2871.522949,226700
2020-05-08,2882.709961,2903.800049,2879.199951,2895.340088,2895.340088,226800
2020-05-11,2901.570068,2914.280029,2884.379883,2894.800049,2894.800049,225100
2020-05-12,2894.616943,2897.902100,2871.229980,2891.555908,2891.555908,197100
2020-05-13,2882.955078,2900.259033,2875.534912,2898.050049,2898.050049,185100
2020-05-14,2887.058105,2887.058105,2869.183105,2870.342041,2870.342041,197800
2020-05-15,2880.707031,2884.219971,2863.370117,2868.458984,2868.458984,189000
2020-05-18,2872.523926,2889.979980,2862.270996,2875.417969,2875.417969,226000
2020-05-19,2897.687012,2900.218994,2887.576904,2898.575928,2898.575928,197200
2020-05-20,2896.466064,2896.466064,2876.177002,2883.738037,2883.738037,210500
2020-05-21,2890.720947,2891.518066,2864.207031,2867.924072,2867.924072,203500
2020-05-22,2863.045898,2863.045898,2808.018066,2813.764893,2813.764893,209100
2020-05-25,2816.240967,2821.498047,2802.465088,2817.969971,2817.969971,172900
2020-05-26,2827.896973,2848.336914,2825.900879,2846.547119,2846.547119,174600
2020-05-27,2847.320068,2848.997070,2831.927979,2836.803955,2836.803955,198100
2020-05-28,2838.207031,2861.924072,2820.145996,2846.221924,2846.221924,207500
2020-05-29,2835.583984,2855.375977,2829.626953,2852.351074,2852.351074,206800
2020-06-01,2871.964111,2917.150879,2871.964111,2915.430908,2915.430908,260200
2020-06-02,2916.316895,2926.358887,2909.127930,2921.397949,2921.397949,256100
2020-06-03,2930.391113,2942.760010,2922.660889,2923.371094,2923.371094,255700
2020-06-04,2931.837891,2932.968018,2910.751953,2919.250977,2919.250977,226600
2020-06-05,2923.188965,2930.799072,2909.117920,2930.799072,2930.799072,217400
2020-06-08,2941.981934,2950.065918,2934.209961,2937.770996,2937.770996,231100
2020-06-09,2939.534912,2957.118896,2932.938965,2956.112061,2956.112061,209000
2020-06-10,2951.278076,2951.330078,2934.843018,2943.752930,2943.752930,207900
2020-06-11,2939.791016,2952.650879,2912.193115,2920.896973,2920.896973,233700
2020-06-12,2876.802979,2930.254883,2872.616943,2919.740967,2919.740967,236000
2020-06-15,2908.280029,2922.540039,2890.030029,2890.030029,2890.030029,243200
2020-06-16,2912.830078,2931.780029,2909.129883,2931.750000,2931.750000,223300
2020-06-17,2932.669922,2936.620117,2919.040039,2935.870117,2935.870117,234700
2020-06-18,2929.879883,2942.899902,2920.110107,2939.320068,2939.320068,258700
2020-06-19,2938.790039,2973.320068,2935.820068,2967.629883,2967.629883,264300
2020-06-22,2966.900879,2983.437988,2959.034912,2965.271973,2965.271973,267900
2020-06-23,2960.887939,2972.403076,2949.846924,2970.620117,2970.620117,225200
2020-06-24,2972.982910,2982.943115,2971.224121,2979.551025,2979.551025,213200
2020-06-29,2973.075928,2977.912109,2951.770020,2961.516113,2961.516113,220600
2020-06-30,2965.104980,2990.824951,2965.104980,2984.674072,2984.674072,215000
2020-07-01,2991.180908,3026.186035,2984.983887,3025.980957,3025.980957,273300
2020-07-02,3023.718994,3092.443115,3021.674072,3090.569092,3090.569092,391100
2020-07-03,3103.995117,3152.812988,3103.995117,3152.812988,3152.812988,458800
2020-07-06,3187.839111,3337.271973,3187.839111,3332.881104,3332.881104,643900
2020-07-07,3380.954102,3407.081055,3336.241943,3345.336914,3345.336914,657800
2020-07-08,3337.552002,3421.531006,3327.706055,3403.439941,3403.439941,587100
2020-07-09,3403.482910,3456.971924,3393.637939,3450.593994,3450.593994,620000
2020-07-10,3418.935059,3433.108887,3372.507080,3383.322021,3383.322021,556100
2020-07-13,3379.386963,3458.791016,3369.038086,3443.285889,3443.285889,558000
2020-07-14,3435.023926,3451.221924,3366.083008,3414.618896,3414.618896,543200
2020-07-15,3422.077881,3432.450928,3345.749023,3361.303955,3361.303955,492000
2020-07-16,3356.358887,3373.531982,3209.727051,3210.099121,3210.099121,490600
2020-07-17,3214.402100,3252.779053,3181.274902,3214.128906,3214.128906,359700
2020-07-20,3243.910889,3314.148926,3220.684082,3314.148926,3314.148926,418600
2020-07-21,3330.547119,3336.678955,3300.572021,3320.895020,3320.895020,359300
2020-07-22,3315.181885,3381.976074,3311.785889,3333.164063,3333.164063,393300
2020-07-23,3306.148926,3336.300049,3257.826904,3325.110107,3325.110107,407000
2020-07-24,3310.645020,3319.126953,3184.965088,3196.768066,3196.768066,427100
2020-07-27,3210.385986,3221.985107,3174.657959,3205.227051,3205.227051,299300
2020-07-28,3226.133057,3245.297119,3208.493896,3227.959961,3227.959961,289400
2020-07-29,3221.988037,3294.552002,3209.989990,3294.552002,3294.552002,324900
2020-07-30,3299.572021,3312.450928,3282.162109,3286.822021,3286.822021,340700
2020-07-31,3280.795898,3333.785889,3261.614014,3310.007080,3310.007080,353800
2020-08-03,3332.183105,3368.103027,3327.677002,3367.966064,3367.966064,407500
2020-08-04,3376.439941,3391.070068,3352.500000,3371.689941,3371.689941,442300
2020-08-05,3363.330078,3383.639893,3333.879883,3377.560059,3377.560059,385800
2020-08-06,3380.760010,3392.699951,3334.330078,3386.459961,3386.459961,415300
2020-08-07,3370.587891,3374.133057,3307.712891,3354.034912,3354.034912,403900
2020-08-10,3341.528076,3399.931885,3335.042969,3379.251953,3379.251953,381400
2020-08-11,3379.487061,3409.059082,3336.094971,3340.290039,3340.290039,400500
2020-08-12,3327.492920,3335.729004,3263.264893,3319.266113,3319.266113,378300
2020-08-13,3328.175049,3338.152100,3309.462891,3320.726074,3320.726074,324300
2020-08-14,3315.668945,3362.027100,3302.736084,3360.099121,3360.099121,306000
2020-08-17,3373.902100,3450.898926,3369.374023,3438.801025,3438.801025,434600
2020-08-18,3441.934082,3456.720947,3432.639893,3451.089111,3451.089111,380700
2020-08-19,3444.564941,3454.460938,3406.164063,3408.128906,3408.128906,405700
2020-08-20,3385.965088,3394.556885,3352.777100,3363.898926,3363.898926,335600
2020-08-21,3380.227051,3393.917969,3358.000977,3380.683105,3380.683105,287500
2020-08-24,3391.113037,3396.565918,3368.025879,3385.637939,3385.637939,266200
2020-08-25,3392.879883,3408.870117,3364.159912,3373.577881,3373.577881,277100
2020-08-26,3371.808105,3382.603027,3320.135986,3329.739014,3329.739014,294500
2020-08-27,3333.489990,3351.830078,3312.989990,3350.110107,3350.110107,237100
2020-08-28,3346.289063,3405.876953,3339.648926,3403.806885,3403.806885,271300
2020-08-31,3416.550049,3442.736084,3395.468018,3395.677979,3395.677979,323500
2020-09-01,3389.741943,3410.606934,3381.710938,3410.606934,3410.606934,247000
2020-09-02,3420.468994,3421.395996,3377.210938,3404.802002,3404.802002,261500
2020-09-03,3404.031982,3425.628906,3374.262939,3384.980957,3384.980957,255300
2020-09-04,3336.407959,3360.105957,3328.552002,3355.366943,3355.366943,221600
2020-09-07,3349.917969,3368.245117,3285.633057,3292.591064,3292.591064,260600
2020-09-08,3301.217041,3324.393066,3276.443115,3316.416992,3316.416992,271100
2020-09-09,3280.997070,3289.614990,3238.561035,3254.627930,3254.627930,351500
2020-09-10,3282.231934,3285.472900,3227.644043,3234.822998,3234.822998,312500
2020-09-11,3225.783936,3262.498047,3220.535889,3260.345947,3260.345947,221700
2020-09-14,3275.917969,3283.532959,3261.147949,3278.813965,3278.813965,213900
2020-09-15,3277.127930,3297.689941,3263.751953,3295.679932,3295.679932,197700
2020-09-16,3293.167969,3302.456055,3271.074951,3283.924072,3283.924072,200400
2020-09-17,3277.323975,3290.408936,3248.499023,3270.435059,3270.435059,202900
2020-09-18,3270.910889,3338.323975,3268.525879,3338.090088,3338.090088,256300
2020-09-21,3348.898926,3350.589111,3313.071045,3316.935059,3316.935059,216500
2020-09-22,3290.666016,3320.228027,3265.702881,3274.302002,3274.302002,214000
2020-09-23,3278.835938,3289.761963,3264.891113,3279.710938,3279.710938,169200
2020-09-24,3262.878906,3265.344971,3221.237061,3223.176025,3223.176025,206700
2020-09-25,3234.374023,3239.466064,3208.034912,3219.417969,3219.417969,164800
2020-09-28,3224.977051,3238.183105,3210.893066,3217.534912,3217.534912,156000
2020-09-29,3231.854980,3242.793945,3219.790039,3224.358887,3224.358887,151300
2020-09-30,3232.709961,3244.913086,3202.343994,3218.052002,3218.052002,153500
2020-10-09,3262.611084,3280.511963,3260.187012,3272.075928,3272.075928,188300
2020-10-12,3287.327881,3359.153076,3286.111084,3358.465088,3358.465088,259600
2020-10-13,3353.121094,3361.832031,3334.499023,3359.750000,3359.750000,204900
2020-10-14,3353.625000,3353.625000,3332.964111,3340.778076,3340.778076,198700
2020-10-15,3342.922119,3354.577881,3330.000977,3332.183105,3332.183105,191000
2020-10-16,3334.457031,3348.954102,3319.110107,3336.357910,3336.357910,194300
2020-10-19,3351.100098,3371.090088,3307.840088,3312.669922,3312.669922,212300
2020-10-20,3307.149902,3328.100098,3293.770020,3328.100098,3328.100098,165100
2020-10-21,3332.149902,3332.149902,3304.169922,3325.020020,3325.020020,177600
2020-10-22,3315.820068,3320.879883,3281.370117,3312.500000,3312.500000,165900
2020-10-23,3308.157959,3326.049072,3276.620117,3277.997070,3277.997070,174200
2020-10-26,3258.702881,3264.446045,3226.602051,3251.118896,3251.118896,167700
2020-10-27,3240.739990,3258.336914,3235.543945,3254.315918,3254.315918,149100
2020-10-28,3256.219971,3275.870117,3238.379883,3269.239990,3269.239990,173200
2020-10-29,3235.760010,3289.770020,3231.120117,3272.729980,3272.729980,184700
2020-10-30,3278.631104,3279.855957,3219.422119,3224.532959,3224.532959,230200
2020-11-02,3228.715088,3242.803955,3209.908936,3225.120117,3225.120117,226800
2020-11-03,3239.805908,3278.381104,3237.854004,3271.073975,3271.073975,215300
2020-11-04,3273.433105,3286.621094,3254.111084,3277.439941,3277.439941,188500
2020-11-05,3305.580078,3320.407959,3291.600098,3320.133057,3320.133057,226800
2020-11-06,3326.465088,3326.465088,3292.150879,3312.158936,3312.158936,234900
2020-11-09,3329.428955,3380.823975,3329.428955,3373.729980,3373.729980,310200
2020-11-10,3387.622070,3387.622070,3346.172119,3360.148926,3360.148926,278700
2020-11-11,3354.024902,3365.835938,3339.041016,3342.202881,3342.202881,271200
2020-11-12,3344.459961,3350.280029,3329.489990,3338.679932,3338.679932,216500
2020-11-13,3327.229004,3327.229004,3291.643066,3310.104980,3310.104980,227900
2020-11-16,3325.621094,3346.968994,3313.646973,3346.968994,3346.968994,279600
2020-11-17,3347.149902,3347.699951,3323.949951,3339.899902,3339.899902,283600
2020-11-18,3337.332031,3358.894043,3333.991943,3347.302979,3347.302979,287500
2020-11-19,3339.085938,3367.333008,3330.449951,3363.087891,3363.087891,253300
2020-11-20,3359.600098,3380.149902,3356.310059,3377.729980,3377.729980,261300
2020-11-23,3384.100098,3431.649902,3377.989990,3414.489990,3414.489990,373900
2020-11-24,3407.408936,3413.926025,3396.243896,3402.822998,3402.822998,301000
2020-11-25,3417.514893,3423.485107,3362.326904,3362.326904,3362.326904,322100
2020-11-26,3360.061035,3371.454102,3344.281982,3369.732910,3369.732910,255900
2020-11-27,3373.843018,3408.306885,3364.491943,3408.306885,3408.306885,280600
2020-11-30,3418.159912,3456.739990,3391.760010,3391.760010,3391.760010,385000
2020-12-01,3388.989990,3457.639893,3386.909912,3451.939941,3451.939941,316200
2020-12-02,3453.518066,3465.729004,3435.871094,3449.381104,3449.381104,312800
2020-12-03,3448.540039,3452.160889,3428.803955,3442.135986,3442.135986,298500
2020-12-04,3436.729004,3448.404053,3417.048096,3444.581055,3444.581055,256300
2020-12-07,3446.647949,3449.577881,3414.313965,3416.604004,3416.604004,254500
2020-12-08,3417.689941,3428.659912,3403.030029,3410.179932,3410.179932,226900
2020-12-09,3416.077881,3422.535889,3371.916016,3371.964111,3371.964111,260700
2020-12-10,3365.730957,3384.887939,3357.752930,3373.275879,3373.275879,247300
2020-12-11,3381.008057,3383.177979,3325.172119,3347.190918,3347.190918,298600
2020-12-14,3349.533936,3371.128906,3338.625977,3369.120117,3369.120117,239800
2020-12-15,3366.580078,3373.560059,3348.419922,3367.229980,3367.229980,225700
2020-12-16,3371.262939,3378.663086,3359.170898,3366.982910,3366.982910,220800
2020-12-17,3367.277100,3406.155029,3354.010986,3404.873047,3404.873047,275500
2020-12-18,3400.489990,3413.810059,3382.750000,3394.899902,3394.899902,281000
2020-12-21,3394.395020,3423.608887,3381.115967,3420.569092,3420.569092,283800
2020-12-22,3410.968018,3415.753906,3353.857910,3356.781982,3356.781982,323000
2020-12-23,3362.471924,3394.208984,3360.201904,3382.320068,3382.320068,299500
2020-12-24,3382.193115,3394.074951,3354.021973,3363.113037,3363.113037,275000
2020-12-25,3351.790039,3397.007080,3348.344971,3396.562988,3396.562988,294500
2020-12-28,3396.358887,3412.519043,3383.654053,3397.284912,3397.284912,316200
2020-12-29,3399.293945,3407.087891,3376.087891,3379.035889,3379.035889,311800
2020-12-30,3375.009033,3414.454102,3374.416016,3414.452881,3414.452881,291000
2020-12-31,3419.727051,3474.917969,3419.727051,3473.069092,3473.069092,335700
2021-01-04,3474.678955,3511.655029,3457.206055,3502.958008,3502.958008,380800
2021-01-05,3492.190918,3528.677002,3484.715088,3528.677002,3528.677002,408000
2021-01-06,3530.906982,3556.802002,3513.125977,3550.876953,3550.876953,370200
2021-01-07,3552.908936,3576.205078,3526.616943,3576.205078,3576.205078,405300
2021-01-08,3577.689941,3588.060059,3544.889893,3570.110107,3570.110107,345600
2021-01-11,3571.321045,3597.701904,3516.986084,3531.498047,3531.498047,362500
2021-01-12,3518.010010,3608.340088,3517.469971,3608.340088,3608.340088,323400
2021-01-13,3613.281006,3622.347900,3575.594971,3598.652100,3598.652100,388100
2021-01-14,3584.931885,3599.058105,3559.600098,3565.905029,3565.905029,347700
2021-01-15,3566.284912,3589.266113,3533.788086,3566.377930,3566.377930,324600
2021-01-18,3554.800049,3608.770020,3544.260010,3596.219971,3596.219971,301700
2021-01-19,3596.360107,3603.149902,3553.020020,3566.379883,3566.379883,323400
2021-01-20,3564.121094,3589.961914,3556.443115,3583.092041,3583.092041,272300
2021-01-21,3590.925049,3636.243896,3585.802002,3621.263916,3621.263916,327500
2021-01-22,3616.540039,3616.540039,3585.033936,3606.750000,3606.750000,324500
2021-01-25,3605.361084,3637.100098,3591.020020,3624.238037,3624.238037,327300
2021-01-26,3610.968994,3610.968994,3564.741943,3569.428955,3569.428955,278100
2021-01-27,3567.550049,3578.800049,3546.489990,3573.340088,3573.340088,264100
2021-01-28,3534.668945,3549.543945,3496.878906,3505.176025,3505.176025,270900
2021-01-29,3521.718018,3531.597900,3446.547119,3483.069092,3483.069092,293700
2021-02-01,3477.172119,3506.388916,3469.875000,3505.283936,3505.283936,277600
2021-02-02,3510.808105,3535.501953,3495.568115,3533.685059,3533.685059,264500
2021-02-03,3531.148926,3544.009033,3508.507080,3517.308105,3517.308105,297400
2021-02-04,3503.779053,3524.721924,3465.770996,3501.858887,3501.858887,298800
2021-02-05,3509.489990,3536.540039,3492.959961,3496.330078,3496.330078,290100
2021-02-08,3504.562988,3542.208008,3492.128906,3532.447021,3532.447021,249800
2021-02-09,3539.772949,3604.010986,3528.676025,3603.489014,3603.489014,253800
2021-02-10,3612.613037,3662.766113,3612.504883,3655.087891,3655.087891,257900
2021-02-18,3721.086914,3731.687012,3663.664063,3675.356934,3675.356934,340300
2021-02-19,3661.782959,3699.649902,3634.014893,3696.167969,3696.167969,361100
2021-02-22,3707.189941,3717.270020,3642.439941,3642.439941,3642.439941,488800
2021-02-23,3617.699951,3672.149902,3617.699951,3636.360107,3636.360107,398900
2021-02-24,3638.936035,3645.646973,3531.593994,3564.080078,3564.080078,362200
2021-02-25,3595.540039,3608.560059,3568.469971,3585.050049,3585.050049,366200
2021-02-26,3514.560059,3550.409912,3500.699951,3509.080078,3509.080078,333300
2021-03-01,3531.479980,3552.566895,3511.989014,3551.399902,3551.399902,315500
2021-03-02,3566.852051,3566.852051,3485.364014,3508.591064,3508.591064,339800
2021-03-03,3500.159912,3577.620117,3498.719971,3576.899902,3576.899902,347700
2021-03-04,3546.639893,3552.199951,3487.379883,3503.489990,3503.489990,393600
2021-03-05,3463.309082,3523.568115,3456.666992,3501.987061,3501.987061,356400
2021-03-08,3524.979980,3542.300049,3421.219971,3421.409912,3421.409912,387000
2021-03-09,3415.340088,3429.149902,3328.310059,3359.290039,3359.290039,407700
2021-03-10,3389.840088,3397.030029,3354.820068,3357.739990,3357.739990,299700
2021-03-11,3369.899902,3436.830078,3369.899902,3436.830078,3436.830078,322100
2021-03-12,3447.199951,3454.510010,3417.239990,3453.080078,3453.080078,358000
2021-03-15,3441.879883,3457.489990,3392.510010,3419.949951,3419.949951,367800
2021-03-16,3424.652100,3448.883057,3406.175049,3446.732910,3446.732910,316700
2021-03-17,3435.731934,3454.055908,3410.281982,3445.551025,3445.551025,280100
2021-03-18,3449.641113,3478.145020,3449.376953,3463.068115,3463.068115,284400
2021-03-19,3423.870117,3439.520020,3389.290039,3404.659912,3404.659912,309200
2021-03-22,3406.120117,3443.659912,3404.229980,3443.439941,3443.439941,312600
2021-03-23,3445.340088,3445.419922,3390.050049,3411.510010,3411.510010,326400
2021-03-24,3394.129883,3415.290039,3362.179932,3367.060059,3367.060059,317400
2021-03-25,3355.070068,3382.229980,3344.969971,3363.590088,3363.590088,270700
2021-03-26,3373.316895,3423.222900,3373.316895,3418.326904,3418.326904,274600
2021-03-29,3429.632080,3449.833984,3409.886963,3435.300049,3435.300049,284800
2021-03-30,3432.530029,3457.629883,3423.320068,3456.679932,3456.679932,285400
2021-03-31,3452.209961,3452.209961,3420.830078,3441.909912,3441.909912,283000
2021-04-01,3444.810059,3470.030029,3438.830078,3466.330078,3466.330078,275200
2021-04-02,3472.627930,3487.585938,3462.832031,3484.392090,3484.392090,262700
2021-04-06,3491.629883,3493.280029,3471.760010,3482.969971,3482.969971,234700
2021-04-07,3483.419922,3483.419922,3453.189941,3479.629883,3479.629883,295800
2021-04-08,3467.489990,3495.909912,3459.320068,3482.550049,3482.550049,331800
2021-04-09,3475.439941,3475.449951,3442.139893,3450.679932,3450.679932,280100
2021-04-12,3445.969971,3456.159912,3403.899902,3412.949951,3412.949951,309600
2021-04-13,3411.290039,3425.389893,3387.899902,3396.469971,3396.469971,270600
2021-04-14,3397.020020,3420.030029,3392.979980,3416.719971,3416.719971,233200
2021-04-15,3409.610107,3409.610107,3373.090088,3398.989990,3398.989990,234000
2021-04-16,3407.189941,3432.629883,3394.129883,3426.620117,3426.620117,258600
2021-04-19,3427.550049,3479.010010,3414.360107,3477.550049,3477.550049,302700
2021-04-20,3467.149902,3494.300049,3463.459961,3472.939941,3472.939941,285300
2021-04-21,3456.300049,3481.250000,3450.110107,3472.929932,3472.929932,253800
2021-04-22,3482.830078,3485.360107,3456.320068,3465.110107,3465.110107,251100
2021-04-23,3462.090088,3482.360107,3456.330078,3474.169922,3474.169922,249400
2021-04-26,3484.110107,3497.120117,3438.570068,3441.169922,3441.169922,277000
2021-04-27,3440.090088,3443.850098,3417.260010,3442.610107,3442.610107,253000
2021-04-28,3432.159912,3457.070068,3423.330078,3457.070068,3457.070068,247400
2021-04-29,3458.080078,3478.229980,3447.590088,3474.899902,3474.899902,276600
2021-04-30,3468.300049,3469.090088,3426.899902,3446.860107,3446.860107,312700
2021-05-06,3446.070068,3471.239990,3426.850098,3441.280029,3441.280029,310400
2021-05-07,3446.409912,3457.889893,3416.780029,3418.870117,3418.870117,353800
2021-05-10,3423.590088,3429.739990,3401.929932,3427.989990,3427.989990,374200
2021-05-11,3406.600098,3448.100098,3384.699951,3441.850098,3441.850098,350900
2021-05-12,3429.750000,3466.370117,3428.389893,3462.750000,3462.750000,311400
2021-05-13,3432.139893,3448.020020,3418.379883,3429.540039,3429.540039,319300
2021-05-14,3436.090088,3490.639893,3422.560059,3490.379883,3490.379883,337000
2021-05-17,3490.409912,3530.510010,3490.139893,3517.620117,3517.620117,322100
2021-05-18,3520.649902,3529.010010,3510.860107,3529.010010,3529.010010,271300
2021-05-19,3521.110107,3521.110107,3503.820068,3510.959961,3510.959961,278300
2021-05-20,3500.879883,3517.739990,3486.070068,3506.939941,3506.939941,326000
2021-05-21,3510.840088,3518.379883,3479.669922,3486.560059,3486.560059,283800
2021-05-24,3486.270020,3498.300049,3469.870117,3497.280029,3497.280029,289500
2021-05-25,3502.540039,3584.580078,3502.439941,3581.340088,3581.340088,341200
2021-05-26,3586.840088,3603.489990,3585.370117,3593.360107,3593.360107,342000
2021-05-27,3585.729980,3626.360107,3579.260010,3608.850098,3608.850098,309600
2021-05-28,3610.770020,3622.179932,3582.360107,3600.780029,3600.780029,349200
2021-05-31,3600.070068,3615.659912,3580.649902,3615.479980,3615.479980,331500
2021-06-01,3608.600098,3626.070068,3581.909912,3624.709961,3624.709961,352800
2021-06-02,3626.330078,3629.290039,3584.600098,3597.139893,3597.139893,348600
2021-06-03,3595.419922,3618.510010,3584.209961,3584.209961,3584.209961,354200
2021-06-04,3565.469971,3618.800049,3561.889893,3591.840088,3591.840088,330900
2021-06-07,3597.139893,3600.379883,3581.899902,3599.540039,3599.540039,303700
2021-06-08,3598.750000,3621.520020,3563.250000,3580.110107,3580.110107,304500
2021-06-09,3576.800049,3598.709961,3572.639893,3591.399902,3591.399902,298300
2021-06-10,3587.530029,3624.340088,3584.129883,3610.860107,3610.860107,318200
2021-06-11,3614.110107,3614.399902,3587.149902,3589.750000,3589.750000,360600
2021-06-15,3587.469971,3592.949951,3547.189941,3556.560059,3556.560059,349200
2021-06-16,3556.709961,3561.090088,3513.560059,3518.330078,3518.330078,312600
2021-06-17,3508.320068,3534.199951,3507.350098,3525.600098,3525.600098,277200
2021-06-18,3520.500000,3535.620117,3503.179932,3525.100098,3525.100098,296700
2021-06-21,3515.500000,3540.300049,3504.010010,3529.179932,3529.179932,280900
2021-06-22,3539.790039,3560.189941,3536.810059,3557.409912,3557.409912,307500
2021-06-23,3559.399902,3577.469971,3549.850098,3566.219971,3566.219971,310700
2021-06-24,3568.580078,3570.489990,3548.820068,3566.649902,3566.649902,335400
2021-06-25,3567.379883,3614.300049,3564.520020,3607.560059,3607.560059,346100
2021-06-28,3612.250000,3614.360107,3594.219971,3606.370117,3606.370117,321300
2021-06-29,3601.679932,3601.830078,3570.530029,3573.179932,3573.179932,306100
2021-06-30,3572.620117,3594.120117,3569.500000,3591.199951,3591.199951,268200
2021-07-01,3600.550049,3607.699951,3573.939941,3588.780029,3588.780029,291900
2021-07-02,3569.889893,3569.889893,3514.340088,3518.760010,3518.760010,291900
2021-07-05,3516.919922,3534.320068,3510.580078,3534.320068,3534.320068,288100
2021-07-06,3533.129883,3538.350098,3496.929932,3530.260010,3530.260010,314100
2021-07-07,3508.590088,3557.879883,3504.469971,3553.719971,3553.719971,318800
2021-07-08,3557.219971,3558.679932,3521.060059,3525.500000,3525.500000,350900
2021-07-09,3512.229980,3529.310059,3485.050049,3524.090088,3524.090088,349900
2021-07-12,3545.199951,3565.030029,3527.389893,3547.840088,3547.840088,403600
2021-07-13,3547.590088,3567.479980,3542.820068,3566.520020,3566.520020,362400
2021-07-14,3560.830078,3560.830078,3525.489990,3528.500000,3528.500000,372200
2021-07-15,3519.060059,3565.929932,3514.260010,3564.590088,3564.590088,363300
2021-07-16,3559.530029,3566.000000,3537.729980,3539.300049,3539.300049,366000
2021-07-19,3530.489990,3544.879883,3506.340088,3539.120117,3539.120117,336800
2021-07-20,3515.070068,3538.639893,3509.189941,3536.790039,3536.790039,293800
2021-07-21,3543.052979,3569.090088,3543.052979,3562.660889,3562.660889,339000
2021-07-22,3563.660889,3576.472900,3558.292969,3574.733887,3574.733887,381100
2021-07-23,3571.719971,3571.850098,3541.510010,3550.399902,3550.399902,446400
2021-07-26,3538.013916,3538.013916,3424.741943,3467.439941,3467.439941,442900
2021-07-27,3467.447021,3483.874023,3380.275879,3381.179932,3381.179932,469100
2021-07-28,3355.820068,3385.540039,3312.719971,3361.590088,3361.590088,395800
2021-07-29,3403.840088,3416.610107,3382.570068,3411.719971,3411.719971,344600
2021-07-30,3398.199951,3404.879883,3370.449951,3397.360107,3397.360107,381400
2021-08-02,3385.689941,3464.290039,3367.639893,3464.290039,3464.290039,432900
2021-08-03,3446.780029,3470.659912,3435.459961,3447.989990,3447.989990,400700
2021-08-04,3442.939941,3477.600098,3440.780029,3477.219971,3477.219971,348700
2021-08-05,3461.719971,3486.159912,3449.389893,3466.550049,3466.550049,348400
2021-08-06,3465.479980,3466.389893,3436.929932,3458.229980,3458.229980,336800
2021-08-09,3441.750000,3502.840088,3438.699951,3494.629883,3494.629883,349900
2021-08-10,3488.659912,3529.929932,3477.060059,3529.929932,3529.929932,345100
2021-08-11,3527.110107,3544.090088,3524.040039,3532.620117,3532.620117,383800
2021-08-12,3522.719971,3538.399902,3513.449951,3524.739990,3524.739990,381100
2021-08-13,3514.469971,3540.080078,3500.800049,3516.300049,3516.300049,378200
2021-08-16,3514.340088,3537.850098,3510.899902,3517.340088,3517.340088,391100
2021-08-17,3512.108887,3531.725098,3438.123047,3446.976074,3446.976074,422900
2021-08-18,3442.346924,3487.436035,3437.690918,3485.285889,3485.285889,389200
2021-08-19,3475.298096,3480.459961,3446.014893,3465.554932,3465.554932,382400
2021-08-20,3442.506104,3453.153076,3394.971924,3427.333984,3427.333984,391100
2021-08-23,3436.800049,3481.250000,3436.669922,3477.129883,3477.129883,384700
2021-08-24,3482.266113,3522.697021,3481.141113,3514.470947,3514.470947,430200
2021-08-25,3517.919922,3540.389893,3510.070068,3540.379883,3540.379883,450000
2021-08-26,3537.313965,3537.315918,3499.452881,3501.664063,3501.664063,502900
2021-08-27,3494.417969,3530.193115,3493.375000,3522.156982,3522.156982,455300
2021-08-30,3535.072998,3539.493896,3512.992920,3528.150879,3528.150879,512800
2021-08-31,3519.020020,3543.939941,3496.389893,3543.939941,3543.939941,524200
2021-09-01,3543.870117,3582.320068,3514.669922,3567.100098,3567.100098,667300
2021-09-02,3559.899902,3597.370117,3557.679932,3597.040039,3597.040039,572700
2021-09-03,3602.739990,3613.949951,3569.399902,3581.729980,3581.729980,614500
2021-09-06,3580.139893,3626.290039,3580.139893,3621.860107,3621.860107,521700
2021-09-07,3621.709961,3681.929932,3615.139893,3676.590088,3676.590088,547700
2021-09-08,3673.399902,3695.320068,3661.000000,3675.189941,3675.189941,586400
2021-09-09,3666.820068,3693.449951,3662.159912,3693.129883,3693.129883,604800
2021-09-10,3691.186035,3722.873047,3681.642090,3703.110107,3703.110107,635200
2021-09-13,3699.250000,3716.830078,3692.820068,3715.370117,3715.370117,557500
2021-09-14,3709.629883,3723.850098,3655.629883,3662.600098,3662.600098,565000
2021-09-15,3651.159912,3677.530029,3638.320068,3656.219971,3656.219971,475000
2021-09-16,3664.840088,3677.919922,3606.729980,3607.090088,3607.090088,546700
2021-09-17,3595.270020,3620.959961,3569.270020,3613.969971,3613.969971,516900
2021-09-22,3563.209961,3629.449951,3560.500000,3628.489990,3628.489990,472300
2021-09-23,3651.270020,3670.949951,3632.280029,3642.219971,3642.219971,535000
2021-09-24,3637.870117,3651.429932,3607.790039,3613.070068,3613.070068,507300
2021-09-27,3625.959961,3640.810059,3559.919922,3582.830078,3582.830078,510800
2021-09-28,3577.889893,3610.919922,3568.820068,3602.219971,3602.219971,444200
2021-09-29,3573.520020,3573.520020,3518.050049,3536.290039,3536.290039,452500
2021-09-30,3541.929932,3572.429932,3541.929932,3568.169922,3568.169922,395600
2021-10-08,3609.090088,3612.550049,3571.729980,3592.169922,3592.169922,407200
2021-10-11,3600.360107,3614.699951,3586.750000,3591.709961,3591.709961,394400
2021-10-12,3581.300049,3583.639893,3515.139893,3546.939941,3546.939941,405400
2021-10-13,3543.489990,3569.129883,3515.649902,3561.760010,3561.760010,325100
2021-10-14,3555.110107,3569.689941,3547.179932,3558.280029,3558.280029,295000
2021-10-15,3551.989990,3578.770020,3542.689941,3572.370117,3572.370117,320300
2021-10-18,3571.050049,3571.050049,3539.479980,3568.139893,3568.139893,341000
2021-10-19,3562.300049,3596.790039,3560.620117,3593.149902,3593.149902,334200
2021-10-20,3583.239990,3596.050049,3574.300049,3587.000000,3587.000000,344200
2021-10-21,3590.050049,3610.959961,3576.350098,3594.780029,3594.780029,352300
2021-10-22,3594.750000,3607.580078,3578.760010,3582.600098,3582.600098,353200
2021-10-25,3574.260010,3611.090088,3564.209961,3609.860107,3609.860107,321200
2021-10-26,3612.830078,3625.020020,3589.709961,3597.639893,3597.639893,337300
2021-10-27,3589.860107,3589.860107,3553.129883,3562.310059,3562.310059,350600
2021-10-28,3548.699951,3552.040039,3509.489990,3518.419922,3518.419922,378200
2021-10-29,3519.330078,3547.340088,3502.800049,3547.340088,3547.340088,358800
2021-11-01,3530.399902,3556.590088,3519.290039,3544.479980,3544.479980,382300
2021-11-02,3543.379883,3559.050049,3477.659912,3505.629883,3505.629883,417600
2021-11-03,3501.110107,3512.610107,3480.489990,3498.540039,3498.540039,306600
2021-11-04,3505.889893,3527.949951,3503.010010,3526.870117,3526.870117,319400
2021-11-05,3520.209961,3525.870117,3491.459961,3491.570068,3491.570068,354500
2021-11-08,3491.969971,3507.270020,3484.239990,3498.629883,3498.629883,298200
2021-11-09,3507.110107,3514.949951,3489.040039,3507.000000,3507.000000,287300
2021-11-10,3498.939941,3498.939941,3448.439941,3492.459961,3492.459961,307000
2021-11-11,3486.449951,3534.199951,3482.830078,3532.790039,3532.790039,322100
2021-11-12,3534.149902,3543.649902,3527.389893,3539.100098,3539.100098,308700
2021-11-15,3542.899902,3550.439941,3521.290039,3533.300049,3533.300049,313000
2021-11-16,3530.459961,3549.770020,3517.810059,3521.790039,3521.790039,310400
2021-11-17,3518.560059,3537.510010,3513.520020,3537.370117,3537.370117,276700
2021-11-18,3531.489990,3537.979980,3513.110107,3520.709961,3520.709961,312400
2021-11-19,3519.280029,3561.909912,3517.649902,3560.370117,3560.370117,318000
2021-11-22,3562.762939,3585.187988,3562.750977,3582.080078,3582.080078,330000
2021-11-23,3580.506104,3598.375000,3577.361084,3589.089111,3589.089111,360000
2021-11-24,3590.019043,3602.735107,3575.288086,3592.702881,3592.702881,336800
2021-11-25,3593.389893,3597.149902,3579.530029,3584.179932,3584.179932,306500
2021-11-26,3576.110107,3576.110107,3554.879883,3564.090088,3564.090088,301000
2021-11-29,3528.669922,3563.679932,3526.360107,3562.699951,3562.699951,333600
2021-11-30,3570.750000,3582.120117,3546.360107,3563.889893,3563.889893,349200
2021-12-01,3561.889893,3576.889893,3558.689941,3576.889893,3576.889893,329900